<?xml version="1.0" encoding="UTF-8"?>
<project-private xmlns="http://www.netbeans.org/ns/project-private/1">
    <editor-bookmarks xmlns="http://www.netbeans.org/ns/editor-bookmarks/2" lastBookmarkId="0"/>
    <open-files xmlns="http://www.netbeans.org/ns/projectui-open-files/2">
        <group>
            <file>file:/C:/Users/onejo/Documents/UITM%20SUBJECT/SEM%204/CSC584%20-%20EP/CybercrimeAwarenessSystem/CybercrimeAwarenessSystem/web/adminDashboard.jsp</file>
            <file>file:/C:/Users/onejo/Documents/UITM%20SUBJECT/SEM%204/CSC584%20-%20EP/CybercrimeAwarenessSystem/CybercrimeAwarenessSystem/src/java/ejb/ReportBean.java</file>
            <file>file:/C:/Users/onejo/Documents/UITM%20SUBJECT/SEM%204/CSC584%20-%20EP/CybercrimeAwarenessSystem/CybercrimeAwarenessSystem/web/index.jsp</file>
            <file>file:/C:/Users/onejo/Documents/UITM%20SUBJECT/SEM%204/CSC584%20-%20EP/CybercrimeAwarenessSystem/CybercrimeAwarenessSystem/web/viewReports.jsp</file>
            <file>file:/C:/Users/onejo/Documents/UITM%20SUBJECT/SEM%204/CSC584%20-%20EP/CybercrimeAwarenessSystem/CybercrimeAwarenessSystem/src/java/controller/AdminServlet.java</file>
            <file>file:/C:/Users/onejo/Documents/UITM%20SUBJECT/SEM%204/CSC584%20-%20EP/CybercrimeAwarenessSystem/CybercrimeAwarenessSystem/src/java/controller/RegisterServlet.java</file>
            <file>file:/C:/Users/onejo/Documents/UITM%20SUBJECT/SEM%204/CSC584%20-%20EP/CybercrimeAwarenessSystem/CybercrimeAwarenessSystem/src/java/util/DBConnection.java</file>
            <file>file:/C:/Users/onejo/Documents/UITM%20SUBJECT/SEM%204/CSC584%20-%20EP/CybercrimeAwarenessSystem/CybercrimeAwarenessSystem/web/WEB-INF/web.xml</file>
            <file>file:/C:/Users/onejo/Documents/UITM%20SUBJECT/SEM%204/CSC584%20-%20EP/CybercrimeAwarenessSystem/CybercrimeAwarenessSystem/src/java/controller/LoginServlet.java</file>
            <file>file:/C:/Users/onejo/Documents/UITM%20SUBJECT/SEM%204/CSC584%20-%20EP/CybercrimeAwarenessSystem/CybercrimeAwarenessSystem/web/css/style.css</file>
            <file>file:/C:/Users/onejo/Documents/UITM%20SUBJECT/SEM%204/CSC584%20-%20EP/CybercrimeAwarenessSystem/CybercrimeAwarenessSystem/web/pexels-tirachard-kumtanom-112571-574284.jpg</file>
            <file>file:/C:/Users/onejo/Documents/UITM%20SUBJECT/SEM%204/CSC584%20-%20EP/CybercrimeAwarenessSystem/CybercrimeAwarenessSystem/web/phishing.png</file>
            <file>file:/C:/Users/onejo/Documents/UITM%20SUBJECT/SEM%204/CSC584%20-%20EP/CybercrimeAwarenessSystem/CybercrimeAwarenessSystem/web/login.jsp</file>
            <file>file:/C:/Users/onejo/Documents/UITM%20SUBJECT/SEM%204/CSC584%20-%20EP/CybercrimeAwarenessSystem/CybercrimeAwarenessSystem/web/register.jsp</file>
            <file>file:/C:/Users/onejo/Documents/UITM%20SUBJECT/SEM%204/CSC584%20-%20EP/CybercrimeAwarenessSystem/CybercrimeAwarenessSystem/web/editReport.jsp</file>
            <file>file:/C:/Users/onejo/Documents/UITM%20SUBJECT/SEM%204/CSC584%20-%20EP/CybercrimeAwarenessSystem/CybercrimeAwarenessSystem/src/java/controller/ReportServlet.java</file>
            <file>file:/C:/Users/onejo/Documents/UITM%20SUBJECT/SEM%204/CSC584%20-%20EP/CybercrimeAwarenessSystem/CybercrimeAwarenessSystem/web/dashboard.jsp</file>
            <file>file:/C:/Users/onejo/Documents/UITM%20SUBJECT/SEM%204/CSC584%20-%20EP/CybercrimeAwarenessSystem/CybercrimeAwarenessSystem/src/java/dao/UserDAO.java</file>
            <file>file:/C:/Users/onejo/Documents/UITM%20SUBJECT/SEM%204/CSC584%20-%20EP/CybercrimeAwarenessSystem/CybercrimeAwarenessSystem/web/logout.jsp</file>
        </group>
    </open-files>
</project-private>
